{
  "id": "1888349",
  "name": "jianshu",
  "font_family": "iconfont",
  "css_prefix_text": "icon",
  "description": "简书",
  "glyphs": [
    {
      "icon_id": "401103",
      "name": "spin",
      "font_class": "spin",
      "unicode": "e851",
      "unicode_decimal": 59473
    },
    {
      "icon_id": "677569",
      "name": "放大镜",
      "font_class": "fangdajing",
      "unicode": "e617",
      "unicode_decimal": 58903
    },
    {
      "icon_id": "1621077",
      "name": "Aa",
      "font_class": "Aa",
      "unicode": "e636",
      "unicode_decimal": 58934
    },
    {
      "icon_id": "14930333",
      "name": "Pens羽毛笔",
      "font_class": "Pensyumaobi",
      "unicode": "e708",
      "unicode_decimal": 59144
    }
  ]
}
